platform,post_id,post_url,tanggal_posting,format,tujuan,caption,views,reach,likes,comments,shares,saves,avg_watch_seconds,profile_clicks,link_clicks,replies,sticker_taps
instagram,in_post_001,https://www.instagram.com/@brandbaik/video/100000,2026-09-20,foto,hiburan,"Edukasi: bedanya brand awareness, brand image, dan brand equity. Jangan ketuker!",83401,75835,9029,1826,2253,2158,13.1,1652,236,6,9
instagram,in_post_002,https://www.instagram.com/@brandbaik/video/100001,2026-09-08,carousel,hiburan,"Foto tim: kenalin, orang-orang di balik layar BrandBAIK 👋",126823,122746,11292,1932,1658,1504,8.1,1250,238,14,14
instagram,in_post_003,https://www.instagram.com/@brandbaik/video/100002,2026-09-23,carousel,hiburan,"Testimoni: 'Setelah ganti kemasan, repeat order naik 40%.' — Bu Rina, owner snack.",106960,106743,9693,1507,4983,4613,26.6,2050,298,5,16
instagram,in_post_004,https://www.instagram.com/@brandbaik/video/100003,2026-09-23,foto,edukasi,Mitos branding yang masih dipercaya banyak orang (dan faktanya).,75124,61279,5217,274,2390,4459,6.9,1248,20,7,6
instagram,in_post_005,https://www.instagram.com/@brandbaik/video/100004,2026-09-23,foto,hiburan,Reels: cara bikin hook 3 detik yang bikin orang berhenti scroll.,148421,132111,3749,1641,2567,7353,18.8,2083,85,3,3
instagram,in_post_006,https://www.instagram.com/@brandbaik/video/100005,2026-09-14,reels,edukasi,Tanya jawab: kapan waktu yang tepat untuk rebranding?,161249,137817,4953,593,5073,2321,24.7,2427,158,7,1
instagram,in_post_007,https://www.instagram.com/@brandbaik/video/100006,2026-09-12,carousel,hiburan,"Tips foto produk pakai HP: cahaya, angle, dan background. Contohnya di slide 3 📸",182678,158913,17832,379,1524,3380,11.0,2948,537,11,14
instagram,in_post_008,https://www.instagram.com/@brandbaik/video/100007,2026-09-15,carousel,hiburan,"Foto tim: kenalin, orang-orang di balik layar BrandBAIK 👋",196368,183363,19236,3798,2968,2275,4.0,2998,473,2,3
instagram,in_post_009,https://www.instagram.com/@brandbaik/video/100008,2026-09-03,carousel,jualan,5 contoh CTA yang terbukti menaikkan klik link di bio 🔗,51340,47665,4957,363,2512,2084,19.2,448,438,9,5
instagram,in_post_010,https://www.instagram.com/@brandbaik/video/100009,2026-09-12,carousel,hiburan,"Testimoni: 'Setelah ganti kemasan, repeat order naik 40%.' — Bu Rina, owner snack.",184463,171904,8935,2446,6416,3189,16.3,912,378,3,12
instagram,in_post_011,https://www.instagram.com/@brandbaik/video/100010,2026-09-21,carousel,edukasi,"Tips foto produk pakai HP: cahaya, angle, dan background. Contohnya di slide 3 📸",132256,151566,8130,2950,3459,3199,16.1,494,393,7,13
instagram,in_post_012,https://www.instagram.com/@brandbaik/video/100011,2026-09-11,reels,branding,"Foto tim: kenalin, orang-orang di balik layar BrandBAIK 👋",123841,92620,13193,2780,2273,6591,25.4,1960,43,3,19
instagram,in_post_013,https://www.instagram.com/@brandbaik/video/100012,2026-09-15,foto,jualan,Opini: diskon terus-terusan itu merusak brand. Ini alternatifnya.,75113,61794,5801,988,1198,925,13.8,638,143,3,7
instagram,in_post_014,https://www.instagram.com/@brandbaik/video/100013,2026-09-05,foto,hiburan,Pengumuman: workshop branding gratis untuk 50 UMKM pendaftar pertama 🎓,177087,205387,16241,4059,4654,7400,27.2,2704,35,7,0
instagram,in_post_015,https://www.instagram.com/@brandbaik/video/100014,2026-09-01,foto,branding,Rangkuman webinar kemarin: 3 pilar konten untuk brand kecil.,31166,24016,686,93,1124,63,2.8,93,78,10,3
instagram,in_post_016,https://www.instagram.com/@brandbaik/video/100015,2026-09-19,carousel,hiburan,"Tips foto produk pakai HP: cahaya, angle, dan background. Contohnya di slide 3 📸",249325,269190,27092,4984,9811,8116,14.8,3557,527,12,3
instagram,in_post_017,https://www.instagram.com/@brandbaik/video/100016,2026-09-05,foto,interaksi,Checklist sebelum launching brand: 12 hal yang wajib dicek ✅,114191,125539,8194,641,1484,1634,27.9,1397,327,6,0
instagram,in_post_018,https://www.instagram.com/@brandbaik/video/100017,2026-09-24,carousel,hiburan,Foto produk terbaru dengan kemasan anyar — tim mana yang paling suka? 💬,241708,177613,21640,1964,10913,5790,4.6,243,56,15,15
instagram,in_post_019,https://www.instagram.com/@brandbaik/video/100018,2026-09-21,carousel,hiburan,"Promo akhir bulan: konsultasi brand 30 menit gratis, slot terbatas!",111951,108472,3084,2235,677,5360,18.5,670,275,12,2
instagram,in_post_020,https://www.instagram.com/@brandbaik/video/100019,2026-09-10,reels,interaksi,"Testimoni: 'Setelah ganti kemasan, repeat order naik 40%.' — Bu Rina, owner snack.",119180,94061,13664,3333,452,4438,19.2,1351,210,5,12
instagram,in_post_021,https://www.instagram.com/@brandbaik/video/100020,2026-09-08,reels,edukasi,Dokumentasi event: 200 UMKM ikut brand clinic kemarin 🙌,216601,197583,22683,843,1258,12408,12.2,3590,648,15,15
instagram,in_post_022,https://www.instagram.com/@brandbaik/video/100021,2026-09-05,carousel,interaksi,Reels: cara bikin hook 3 detik yang bikin orang berhenti scroll.,176267,210990,17522,1540,3665,5767,15.2,2533,47,15,5
instagram,in_post_023,https://www.instagram.com/@brandbaik/video/100022,2026-09-13,carousel,jualan,Mitos branding yang masih dipercaya banyak orang (dan faktanya).,121539,93404,13290,2420,2462,276,5.1,1852,612,8,9
instagram,in_post_024,https://www.instagram.com/@brandbaik/video/100023,2026-09-10,foto,edukasi,Carousel: 7 prinsip brand strategy yang dipakai brand-brand besar. Geser sampai habis ➡️,36975,42106,3177,733,1168,1574,19.6,470,56,0,18
instagram,in_post_025,https://www.instagram.com/@brandbaik/video/100024,2026-09-09,foto,branding,Highlight klien: dari omzet 20 juta ke 85 juta dalam 6 bulan 📈,182505,199058,15684,550,2879,6647,14.2,1086,326,13,11
instagram,in_post_026,https://www.instagram.com/@brandbaik/video/100025,2026-09-21,foto,hiburan,"Foto tim: kenalin, orang-orang di balik layar BrandBAIK 👋",33481,33590,676,674,817,1455,7.0,36,78,9,8
instagram,in_post_027,https://www.instagram.com/@brandbaik/video/100026,2026-09-05,carousel,hiburan,"Testimoni: 'Setelah ganti kemasan, repeat order naik 40%.' — Bu Rina, owner snack.",157227,140188,4291,2653,791,7551,23.6,415,47,13,5
instagram,in_rusak_tanggal,https://www.instagram.com/@brandbaik/video/100000,12/09/2026,foto,hiburan,"Edukasi: bedanya brand awareness, brand image, dan brand equity. Jangan ketuker!",83401,75835,9029,1826,2253,2158,13.1,1652,236,6,9
instagram,in_rusak_negatif,https://www.instagram.com/@brandbaik/video/100000,2026-09-20,foto,hiburan,"Edukasi: bedanya brand awareness, brand image, dan brand equity. Jangan ketuker!",-500,75835,9029,1826,2253,2158,13.1,1652,236,6,9
instagram,,https://www.instagram.com/@brandbaik/video/100000,2026-09-20,foto,hiburan,"Edukasi: bedanya brand awareness, brand image, dan brand equity. Jangan ketuker!",83401,75835,9029,1826,2253,2158,13.1,1652,236,6,9
